,Unnamed: 0,text,target
3590,3590,fatal petit remast fatal frame windwak style selfi mode,0
6038,6038,seismic oilandga explor take seismic shift gabon somalia via busi,1
5219,5219,obliter thatsabinegirl get si planet could huge dose obliter,1
5271,5271,oil spill news refugio oil spill may costlier bigger project,1
3541,3541,famin food crematoria provok outrag amid crisi famin memori,1
5032,5032,mudslid fuck paul say cake look like mudslid tast like rubber,0
4655,4655,inund inund westero storm sword book tape finish game throne know stark greyjoy,0
540,540,avalanch funkflex yo flex im,0
5561,5561,rainstorm nigeria rainstorm destroy hous yobe state daili trust damaturu  ,1
1153,1153,bomb today day hiroshima got atom bomb year ago sanitis narr hiroshima atom bomb,1
729,729,bleed cute dinner date til cam nose start bleed,0
5090,5090,nuclear disast obama sign deal far make world safer place via upi iran nuclear irannucleard,1
1071,1071,bomb jen da bomb girl,0
6977,6977,twister alil twister tha end like oh nah,1
2406,2406,derail use exactli nation assembl honestli worthless derail,0
647,647,blaze pendleton media offic said fire base right horno blaze,1
4165,4165,harm someon reblog pictur self harm scar oh pleas stop,0
6256,6256,snowstorm prablematicla adweek actual current dress snowstorm despit middl texa summer thank offic c,1
3194,3194,emerg plan senat call emerg hous boxer feinstein back plan move homeless vet va campu,1
1491,1491,catastroph alaska wolv face catastroph denali wolv popul plummet savedenaliwolv tweetstorm,0
5254,5254,oil spill syd traffic hazard oil spill bankstown stacey st wattl st,1
6312,6312,stretcher known better think get anyth done hour capoeira class stretcher bearer,0
5330,5330,pandemonium pandemonium aba woman deliv babi without face photo,0
3858,3858,flame rp said see smoke come silo th street hartford flame,1
7553,7553,wreck news cramer iger word wreck disney stock til cnbc,0
5039,5039,mudslid bakeofffriend one mudslid,0
5767,5767,riot davidjordan stephanenni except know start riot even make sens credit particular individu,1
2301,2301,demolish nah srsli b u demolish ur partner face start dribbl nostril stop ask urself whether realli worth embarrass,0
6689,6689,thunder relax thunder soothmyslumb watermeloann populardemand w soak vine thewebbeffect,0
4471,4471,hostag c special modifi land stadium rescu hostag iran submitt aviationaddict,1
7286,7286,whirlwind edfring highli recommend nf l titania summerhalleri whirlwind reimagin shakespear midsumm,0
3908,3908,flatten bigburgerboi flat footbal like flatten spartan crush back day hail,0
7413,7413,wound one man fatal shot anoth wound vermont street buffalo,1
6509,6509,surviv surviv tonight chang one thing,0
7027,7027,typhoon typhoon soudelor hit taiwan  ,1
4829,4829,mass murder urgent save salt river wildhors mass murder ppl suppos protect gt cnn cbc,1
794,794,blight releas plane level constel blight gaia iclown drumstep remix iclown infin,0
3793,3793,fire truck came across fire video mine enjoy babe way say hi fire truck fireman  ,0
6728,6728,thunderstorm strong thunderstorm mile east picken move ne mph pea size hail wind gust mph scwx,1
2712,2712,deton ignit knock deton sensor senso standard fit ford f l v,0
5326,5326,pandemonium blizzhero would love see diablo map theme place like westmarch mt arreat pandemonium,0
2059,2059,dead joel book act,0
5081,5081,nuclear disast beforeitsnew former execut prosecut fukushima nuclear disast  ,1
1186,1186,bridg collaps ash australia ,0
3097,3097,electrocut link watch show better work might electrocut someon,0
4363,4363,hijack school bu hijack given parol year,1
4021,4021,forest fire care anyon live west beaverton forest grove rapidli spread fire head east,1
4225,4225,hazard dam gm olap world pre recogn hazard wast multidimension,1
4501,4501,hurrican name hurrican black peopl name terrifi hurrican shanaynay,0
7223,7223,weapon weapon stolen nation guard armori new albani still miss gunsens,0
4694,4694,landslid got win landslid perfect word caus got mud,0
6767,6767,tornado brunett teen gisel lock teas home view download video,0
1066,1066,bomb halsey troy collab would bomb,0
2939,2939,drown itsdani noooo almost drown tho,0
2751,2751,devast latestnew cnbc cnnthe anniversari devast wrought first militari use atom weapon c ,1
4730,4730,lava bleacher entir set one big game stage lava,0
6906,6906,traumatis cwheat hahaha half traumatis half hope labour easi,0
4677,4677,inund sprinkler faq lawn inund system answer ebb,0
5562,5562,rainstorm landslid italian alp kill three rome reuter three peopl kill sever rainstorm th,1
5497,5497,quarantin reddit quarantin offens content,1
5566,5566,rainstorm rainstorm last nearli long enough,1
7088,7088,upheav diageo ceo stress board revolt unit spirit impact indian oper,0
2780,2780,devast current blast benedict sanelesstheori metal devast radio,0
6236,6236,snowstorm new photo oak snowstorm taken winter southdown hampshir photographi art tree treeporn,1
6259,6259,storm gamefe warcraft inspir mode like hit hero storm let go back begin videogam,0
5936,5936,scream scream end oamsgajagahahah im laighign otrametlif,0
5910,5910,sandstorm play darud sandstorm radio edit,0
4740,4740,lava check deal sivan health fit basalt lava hot stone massag kit piece ,0
5743,5743,riot piprhi predict riot,1
1097,1097,bomb london life photo beauti bomb britain art,0
867,867,blood scotto happi birthday young blood,0
6467,6467,sunk descend sunk howev may shadow land beyond crest strike cobra land harshli upon back torch,0
4127,4127,hailstorm canada hailstorm flash flood slam calgari knock power k custom,1
3680,3680,fatal usual never happen,0
2490,2490,desol corleonedaboss anyth desol bc natur signific first countri,0
6268,6268,storm secret storm vortex lightn catcher book  ,0
4935,4935,mayhem i ,0
2218,2218,delug theghostparti sorri delug hell vine,0
6528,6528,surviv surviv see tomorrow,0
740,740,bleed tammi w elijahmallari bleed wild thing run around apart he work bar,0
6029,6029,seismic use perfor metal shear panel sfor seismic resist applic,0
5678,5678,rescu man buri dog aliv thought one would find rescu time,0
686,686,blaze bit pacquiao vs marquez unfil blaze swarm onlin durvod,0
2734,2734,devast mikeparractor devast,0
2859,2859,drought makewaterwork okanagan drought rate max okanagan valley westerncanadadrought,1
2587,2587,destroy peopl don ,0
3409,3409,explod crash queen die someth explod know,1
1202,1202,build burn fewmoretweet live matter fan burn build steal neighbor protest,1
6545,6545,surviv burst actual tear joy cain surviv summerf emmerdal,0
498,498,attack ik troll pol rival never liter abus attack famili liter abus ik looser,0
7512,7512,wreckag wreckag conclus confirm mh malaysia pm investig famili,1
5809,5809,riot fa af live famili live countri looter shot sight riot toler,1
1680,1680,collid soultech collid club mix,0
6542,6542,surviv rjkrraj karnakarank vimvith whether pressur non wud surviv even thalapathi releas,1
798,798,blight traci blight thank follow,0
1890,1890,crush mango juic crush ice gt gt gt gt,0
3358,3358,evacu got evacu cinema min insid outkil pleas,0
3776,3776,fire truck fire call brant av drummond rd fire structur singl unit car call truck,1
3268,3268,engulf men escap car engulf flame parley canyon crew investig caus,1
3489,3489,explos new explos proof temper glass screen protector film blackberri z full read by ,0
6738,6738,thunderstorm nw issu sever thunderstorm warn oklahoma ok pm,1
3350,3350,evacu evacu order lift town roosevelt washington time,1
7333,7333,wildfir drone fire offici offer reward lead pilot flew wildfir photographi art,1
2675,2675,deton apollo brown deton ft p fiya,1
1757,1757,collis dublin e e north flynn rd onr trfc collis inj,1
2083,2083,dead askcharley emmerdal emot ross dead emmerdal,0
6193,6193,siren kyle one last peopl would expect like sleep siren,0
624,624,bioterror fight bioterror sir,0
2261,2261,delug accionempresa u depart commerc delug last two month com gerenciatodo  ,0
7112,7112,violent storm dramat video show plane land violent storm,1
3627,3627,fatal reject mortal kombat fatal mortal kombat stretch boundari its ,0
454,454,attack horrif attack wife muslim itali liveleak news,1
3122,3122,electrocut serious look like get electrocut blow dri hair realli attract,0
892,892,bloodi bloodi wait soni set date stephen king ,0
3596,3596,fatal deputi dog disput lead fatal shoot person counti gunfail nra,1
3069,3069,electrocut elecman could electrocut say thank,0
6873,6873,trauma uchicago faculti member push univers overturn ban trauma center protest,1
5907,5907,sandstorm watch airport get swallow sandstorm minut,1
6190,6190,siren marketforce ,0
4234,4234,hazard theblackshag dannyoneil toxic cancer diseas hazard wast noxiou,1
3871,3871,flame soloquiero maryland mansion fire kill caus damag plug christma tree report say flame firefight,1
7289,7289,whirlwind week whirlwind exactli imagin nyc version career like,0
575,575,bioterror usa today fedex longer transport bioterror pathogen newsintweet,0
3783,3783,fire truck brooktekl look like murder scene cop fire truck fire assist car along helicopt,1
1603,1603,collaps interview collaps materi best talkradio listen live,1
5723,5723,rescuer video pick bodi water rescuer search hundr migrant mediterranean boat carryi,1
4812,4812,mass murder samanthaturn nagaski anoth act mass murder sanction forgiven caus alli,1
5623,5623,refuge imagin entir aisl dedic make peopl look like serbian refuge director whole food cloth section,0
7182,7182,weapon roguewatson noth wrong lethal weapon seri great ye great,0
3239,3239,engulf men escap car engulf flame parley canyon crew investig caus,1
4331,4331,hijack tension bayelsa patienc jonathan plan hijack apc pdp,1
7565,7565,wreck wreck tire gon na asleep,0
3260,3260,engulf fulli engulf garag fire propan tank insid sunnymead dr,1
1524,1524,catastroph pretti much everi time audio die audio stream basebal game assum catastroph nuclear attack,0
4118,4118,hailstorm sworn defend proven friend hous hailstorm,0
6272,6272,storm okay welcom rain gave storm could weather,0
4846,4846,mass murder kach group belong baruch goldstein mass murder shot kill palestinian ,1
1086,1086,bomb soul food sound bomb right,0
3799,3799,fire truck monster truck racer catch fire fair,1
465,465,attack left hand side diamond graveyard shift attack defend right handsid fuck idiot,0
7287,7287,whirlwind whirlwind scourg europ rt whedonesqu could watch fang four,0
4294,4294,hellfir hellfir surround desir care don ,0
2655,2655,deton spinningbot anoth stand user deton killer queen,0
2089,2089,death call text nigga bff boyfriend love boy death nigga hold attent like,0
995,995,bodi bag bodi bag bitch,0
7205,7205,weapon thatrussianman busi finish weapon design,0
2914,2914,drown weekend nathan birthday weekend want drown beer reckless thing potenti die hmu,0
664,664,blaze babysweet mad name blaze,0
922,922,blown damn greink got blown first inning,0
4575,4575,injuri nalathekoala health care profession deal gun violenc sequala consid suicid injuri accid homicid,0
4594,4594,injuri enjoy littl golf summer take care avoid injuri back shoulder injuri happen quickli,1
5516,5516,quarantin top link reddit new content polici goe effect mani horribl subreddit ban quarantin,0
1927,1927,curfew curfew start right privat class end tutor must woman prefer someon,0
2991,2991,dust storm nwspocatello bg far brunt storm north gray w dust rain n blue sky interspers w cloud,0
2898,2898,drown cameronhigdon drown demon know swim,0
4031,4031,forest fire start forest fire put,1
6480,6480,sunk upon time fact decid go univers hour away actual sunk,0
1998,1998,damag mage fairi tail special properti damag natsu dragneel,0
2225,2225,delug whole slew updat post come host fix unfml delug,0
245,245,annihil evildead annihil civil,0
1887,1887,crush wrapup u cabl tv compani share crush disney disappoint,0
5796,5796,riot ryleedown nevaehburton get money tomorrow riot,0
1461,1461,catastroph robdelaney catastroph anyth liter unabl stop ejacul,1
1417,1417,casualti news wrap un warn femal child casualti rise afghanistan pb iraq,1
5396,5396,panick dirk nomissski yea someon faint panick that basic stuff,1
4973,4973,meltdown byproduct metal price meltdown higher silver price,1
2103,2103,death loyalti mission involv kick shitti nobleman death love elven weirdo,0
2710,2710,deton deton fashion mountain electron watch water resist coupl leisur tab ,0
2976,2976,drown nigeltann believ much rain newli plant mapl tree actual drown,1
1878,1878,crush nowplay fitz tantrum leagu crush listen nowplay,0
5874,5874,ruin babe gon na ruin let stay,0
969,969,bodi bag new ladi shoulder tote handbag faux leather hobo purs cross bodi bag women,0
4732,4732,lava check lava lamp dude,1
2842,2842,displac displac ocean township apart fire newyork,1
69,69,accid accid center lane block santaclara us nb great america pkwi bayarea traffic,1
4114,4114,hailstorm wick weather roll calgari surround area,1
731,731,bleed bleed silenc feel safer violenc,0
6733,6733,thunderstorm high prioriti sever thunderstorm watch end issu lethbridg updat aug th mdt,1
6010,6010,scream queenwendi go sleep someon scream us,0
848,848,blizzard lonewolffur bruh die,0
6245,6245,snowstorm cooler freddi jackson sippin milkshak snowstorm,0
4193,4193,hazard thatpersianguy youngsaf eden hazard harden spot flop ident,0
749,749,blew blew oomf instagram caus cute activ follow,0
121,121,aftershock aftershock protect profit next global financi meltdown david wiedem,0
790,790,blight carl everest rob cobe whitt blight frost leo snuff godli other drink beer someday,0
4029,4029,forest fire like youtub video j cole fire squad forest hill drive,0
479,479,attack attack titan game ps vita yay wait,0
430,430,arsonist arsonist blame blaze plastic recycl busi adelaid pcaldicott report newsadl,0
861,861,blood blood pressur roof need extra shit,0
7039,7039,typhoon price veget rise typhoon soudelor concern,1
4659,4659,inund inund employe holiday request paperwork cloud base hr softwar hronlinetweet help simplifi staf logist,0
602,602,bioterror fedex stop ship potenti bioterror pathogen truck,1
3890,3890,flatten conklin flatten shuffl feet instead kick slide get hand chest,0
3803,3803,fire truck there fire truck park lot,0
1816,1816,crash bin laden famili plane crash avoid microlight land far runway three member,1
44,44,ablaz want set chicago ablaz preach hotel,0
4214,4214,hazard eb ms line updat offload hazard materi go much slower expect road could stay close tomorrow,1
3638,3638,fatal osp concern mount fatal,1
1948,1948,curfew charli lim start pm sunday curfew leh,0
1606,1606,collaps get feel societi collaps implod hero play part,0
2087,2087,dead wyrmwood road dead fuck awesom awesom end awesom one,0
1339,1339,burn build foxnewsvideo aiiamericangiri anhqdc rioter looter burn build white live matter,1
4482,4482,hostag nigerian militari rescu hostag boko haram florida sentinel bulletin florid secur terror,1
2001,2001,damag let say tree fall fenc know homeown insur may help,0
3847,3847,flame guess say ig hope went flame,0
4567,4567,injuri slate gpaulista jackwilsher injuri disgrac afc fan base injuri happen cunt,0
5801,5801,riot georgou altern legal altern protest riot may peac thing demonstr,0
5024,5024,mudslid love open still feel guilti gasp giggl mudslid dorret live gbbo,0
1311,1311,burn modest certainli sniff sniiiiiiff er donni someth burn,0
259,259,annihil u nation park servic tonto nation forest stop annihil salt river wild hors via chang,0
6299,6299,stretcher stretcher brought vampiro cut commerci good sign ultimalucha luchaunderground,0
4837,4837,mass murder shrimplevi alway mass murder,1
786,786,blight get load welfar love spong blight societi,0
3698,3698,fear fear factori decemb done deal,0
2680,2680,deton hiphop news indi apollo brown  ,1
638,638,bioterror threat anthrax cdc via cdcgov,1
3027,3027,earthquak earthquak sismo km e interlaken california time utc,1
5690,5690,rescu rescu actual pretend giorgio hiatt,0
7367,7367,windstorm windstorm wsvr b cover v hull runabout boat includ euro style wi,0
5835,5835,rubbl china stock market crash gem rubbl china ,0
7554,7554,wreck jame kunstler bad architectur wreck citi residualincom mlm,0
620,620,bioterror magazin satan daughter shadow warrior ft women aka transgend mode ps nyc fold extra extra center bioterror,1
2265,2265,delug vald forgiv bit testi delug hatr lost patienc,0
5288,5288,outbreak wow name legionnairesdiseas come outbreak pneumonia americanlegion convent philli die,1
2770,2770,devast year atom bomb japan still struggl war past anniversari devast wrought b,1
2984,2984,drown still see blank express cheek clap face marvin room play subtleti back yet drown sound,0
3544,3544,famin accord gallup poll money like suffer time famin ari ,0
5527,5527,quarantin reddit new content polici goe effect mani horribl subreddit ban quarantin,0
6206,6206,smoke smoke crqck becym mayor includ foursquar,0
5009,5009,militari mofo dc leav militari unarm gun terrorist lot worseit sorri ass,0
445,445,arsonist big top burn true stori arsonist miss girl  ,1
4822,4822,mass murder ff r nt sg riceechrispi commit mass murder,1
6949,6949,tsunami bbshelli seem pretti sure one go stay bb,0
1795,1795,crash crash burn,1
4602,4602,injuri sergiopiaggio i ,0
4766,4766,lightn lightn ooc subject unwarr sexual convers,0
6104,6104,sink movi titan jack rose could stay wooden beam without sink,0
1076,1076,bomb hiroshima mark year sinc bomb,1
521,521,avalanch tix frozen furi xvii lo angel king v avalanch row aa mgm grand,0
6744,6744,tornado tornadogiveaway  ,0
4233,4233,hazard possibl sneak hospit stab hazard needl inject crazi diseas vein die,0
1994,1994,damag indigo e car spot damag time check time give away baggag loss wy,0
6289,6289,storm nasa announc massiv solar storm head straight us,1
4886,4886,massacr massacr sinjar world forgotten yazidi yazidi shingal genocid ezidigenocid,1
2374,2374,derail dr gridlock here ,1
4906,4906,massacr soap educ sudden massacr deadli long run mark twain,0
1437,1437,casualti benzema increasingli look casualti benitez new look squad arsen bound chanc think,1
7311,7311,wild fire load shed perman live like wild camp fire cook fire etc,0
7037,7037,typhoon obama declar disast typhoon devast saipan,1
3170,3170,emerg plan potu thx emerg dec day plan get h transport deploy troop,1
4784,4784,loud bang kotolili break news unconfirm heard loud bang nearbi appear blast wind neighbour ass,0
1967,1967,cyclon bbc forc retract fals claim cyclon pam via wordpressdotcom,1
4536,4536,injur wakeupflorida floridian like kill injur trophyhunt killer gun isi,0
1593,1593,cliff fall bride groom mountain cliff edg ha ha kid ever ha ha,0
488,488,attack cant believ fuck ci femal go somehow claim offend transgend femal attack media,0
4131,4131,hailstorm scare leav car tree storm jamaicaplain boston hailstorm ,1
6674,6674,thunder playingnow bloodbound seven angel media stream,0
7424,7424,wound liabl sound like wound anim sex good lol,0
5883,5883,sandstorm watch airport get swallow sandstorm minut,1
519,519,avalanch crash like avalanch,0
7379,7379,windstorm texa seek comment rule chang windstorm insur,0
4142,4142,harm vanderbilt first harm,0
880,880,blood shed innoc blood son daughter land pollut psalm help stop sin abort,0
2772,2772,devast would citi look like subject hiroshima bomb hint devast beyondthebomb,1
4301,4301,hellfir hellfir song hunchback notr dame remind lot hous,0
577,577,bioterror jacksonvil busin fedex stop ship potenti bioterror pathogen,1
1718,1718,collid mlg food world collid ijustin salmon video simpl alaskaseafood askforalaska,0
400,400,arson owner chicago area gay bar admit arson scheme via theadvocatemag lgbt,0
3478,3478,explos tie dye explos ig help im drown tie dye,1
2558,2558,destroy get  ,0
2111,2111,death new crime know right punish death,0
5233,5233,obliter alhaji putin far good person sha least front row seat complet obliter ibeto cement competitor,0
36,36,ablaz phdsquar mufc built much hype around new acquisit doubt set epl ablaz season,0
3505,3505,explos interest gun powder art discuss end introduct theolog aesthet,0
1957,1957,cyclon bbc forc retract fals claim cyclon pam via wordpressdotcom,1
1130,1130,bomb misfitrar misfit got bomb,0
5499,5499,quarantin quarantin littl corner bc sick offic work pile need kinda day,0
5138,5138,nuclear reactor us navi sidelin newest sub,0
4180,4180,hazard lifestyl  ,0
5853,5853,ruin ruin holiday wordk zmne,0
2072,2072,dead it ,0
5640,5640,refuge kristindavi un refuge thank un refuge help mani peopl need world  ,0
4201,4201,hazard kenya news chelsea talisman eden hazard keen match cristiano ronaldo lionel messi mipasho,0
2911,2911,drown keep drown insult feel devot pride ten fold action reprocuss set birth retroact,0
5385,5385,panic dream magic linden method lite version anxieti panic cure program lind,0
4079,4079,hail thank much everyon post rain hail outsid idea guy,0
3572,3572,famin russian food crematoria provok outrag amid crisi famin memori,1
6004,6004,scream tile zacb dell tablet scream win,0
3283,3283,epicentr epicentr cydia tweak thank phillipten,0
3609,3609,fatal news crime polic id victim fatal crash close near franklin one person justic court,1
215,215,annihil annihil statu educ mba behalf easi street careen eovm,0
6295,6295,stretcher free ebay snipe rt lumbar extend back stretcher excel condit pleas favorit share,0
4699,4699,landslid stuck sleeper train hour de rail due landslid definit pit trip,1
1905,1905,crush nick william hit anoth bomb crush,0
5289,5289,outbreak legionnair diseas done stop deadli outbreak,1
7298,7298,wild fire map show california wild fire burn map creat cal fire ,1
3034,3034,earthquak post new song earthquak,0
4496,4496,hurrican guy reginald lol welcom,0
1191,1191,bridg collaps two giant crane hold bridg collaps nearbi home,1
4520,4520,hurrican entertain thought moment diarrhea hurrican,0
7471,7471,wreck season new girl emot train wreck want cri laugh eat lot ice cream,0
795,795,blight cleveland height shaker height fight blight hous next door,0
267,267,annihil pleas sign rt save saltriverwildhors,0
2339,2339,demolit wit first demolit derbi today psa excit worn hour,0
2210,2210,delug china delay delug fundament economi support valuat stock,0
4080,4080,hail chojo everyon hail pumpkin king,0
5082,5082,nuclear disast alarm rise dead marin life sinc fukushima nuclear disast,1
5836,5836,rubbl photo postapocalypticflimflam prod around rubbl,0
2387,2387,derail kill kamayani express janata express derail madhya pradesh ex gratia announc,1
1635,1635,collaps organicallyrud rockstar wish mattingli bundi mcgwire stand collaps,1
2348,2348,demolit israel continu demolit palestinian home gop potu irand isi,1
5507,5507,quarantin reddit new content polici goe effect mani horribl subreddit ban quarantin,1
2711,2711,deton year hiroshima nagasaki consequ nuclear deton icrc,1
3451,3451,explod dress meme offici explod internet,0
6793,6793,tragedi tanehisico even second half great greek tragedi lace monologu charliz coulda much,0
2034,2034,danger train grain wheat bare gold august heat anger trespass lest seek danger,0
5964,5964,scream stvmlli sorri scream safferoonicl car kinda know peopl let yell,0
2334,2334,demolit demolit still fire freestyl ever,0
535,535,avalanch chiasson sen come deal coloradoavalanch avalanch,1
2431,2431,derail tubestrik derail robertwelch cutleri offer get back track,0
3681,3681,fatal babybackreev fatal,0
37,37,ablaz inec offic abia set ablaz,1
5684,5684,rescu fund need rescu abandon cocker spaniel,0
4983,4983,militari hat russian soviet armi kgb militari cossack ushanka link,0
2869,2869,drought droughtmonitor moder wors drought contig usa affect peopl,1
2117,2117,death old ladi rockin death metal sedan downtown smoke cigarett found real mom,0
2966,2966,drown drown girl caitlin r kiernan centiped press sign number limit full re ,0
238,238,annihil cop pull drunk driver safeti second car hit train via viralspel,1
3853,3853,flame tadhgtgmtel dude smoke fuck thing went flame though bomb went omg scare,1
5030,5030,mudslid brobread look like mudslid,1
2740,2740,devast devast today alleg,0
1577,1577,cliff fall let style fall flat summer lord cliff thinkpink magichairbump answer ad,0
5818,5818,rubbl forb china stock market crash gem rubbl china ,0
7551,7551,wreck freeway africa til wreck audi,0
2219,2219,delug strang encaust cerographi portion till give voic delug byityf,0
715,715,bleed joe landolina gel make stop bleed instantli arizona realest,0
6570,6570,survivor coppednew haunt memori drawn survivor,1
3459,3459,explod head explod swear,0
6833,6833,trap trap cat room go insan leav pretti,0
1227,1227,build burn wit video show car explod behind burn build nd st afternoon manchest via mikecroninwmur,1
2152,2152,death highqualitybird revers situat lol know us civilian death specif util make polit,1
3677,3677,fatal make bad boy must see,0
3721,3721,fear love god fear hell,0
5537,5537,radiat emerg wipp emerg activ slightli elev level radiat sejorg,1
4848,4848,mass murder mass murder che guevara greet woman north korea,1
5043,5043,mudslid bae soak mudslid backroom thisiswhywecanthaveniceth,0
642,642,blaze know anyon look move hammond share list,0
3057,3057,earthquak sismo km nne geyser california time utc cs,0
114,114,aftershock ir icemoon aftershock djicemoon dubstep trapmus dnb edm danc ices ,0
2318,2318,demolish  ,1
775,775,blew anyon els see firebal fall earth look like plane blew,1
4976,4976,militari titan warriorcord feet authent militari paracord mil c h type iii strand di,0
5672,5672,rescu briton rescu amid himalaya flood,1
5446,5446,polic oop bounti hunter tri raid phoenix polic chief home group arm bounti,1
4322,4322,hijack gamerg entir attempt hijack commun destroy industri scam everyon sight sarcast drop dead,0
6584,6584,survivor arovolturi surviv magic search wood survivor outsid london,1
6596,6596,terror robpulsenew huyovoetripoly phillip charg assist terror ldnr terrorist organ,1
7511,7511,wreckag wreckag conclus confirm mh malaysia pm investig famili,1
14,14,ablaz damag school bu multi car crash break,1
2246,2246,delug busi delug invoic make stand colo r shape lzkeli rise top pay pile,0
4277,4277,heat wave greatbritishbakeoff love know nice weather happen miss heat wave,0
116,116,aftershock ir icemoon aftershock djicemoon dubstep trapmus dnb edm danc ices ,0
3833,3833,first respond day emerg servic display meet brave polic firefight first respond help keep us safe,1
5858,5858,ruin damn wale know ruin song,0
1694,1694,collid even word slip soul coincid finer subatom spell collid,0
2986,2986,drown drown actavi suicid,0
6843,6843,trap hollywood movi trap miner releas chile,0
3547,3547,famin russian food crematoria provok outrag amid crisi famin memori,1
7102,7102,violent storm violent afternoon storm sever weather head chicago tonight detail gt,1
2902,2902,drown ev make wan na drown idiot,0
6546,6546,surviv nigerian boxer surviv session klitschko becom famou youtub,0
4097,4097,hail central mass fruit tree escap heavi damag wind hail,1
3154,3154,emerg set emerg fund easi step never know surpris expens pop work,0
1567,1567,cliff fall ok peac hope fall cliff along digniti,1
2947,2947,drown ton cocain worth million dollar drown alameda american drought coke,1
2963,2963,drown drown low self imag take quiz,0
4204,4204,hazard preciou cargo onesi recal choke hazard,0
4257,4257,heat wave creationsbykol cork citi ireland got degre today heat wave us haha,1
5285,5285,outbreak famili affect fatal outbreak legionnair diseas edinburgh sue two comp,1
4749,4749,lightn coupl storm near guthri ok leav norman even lightn op okwx,1
2823,2823,displac angri woman openli accus nema steal relief materi meant idp angri intern displac wom,0
6907,6907,traumatis traumatis megancoopi laurathorn,0
3431,3431,explod head gon na explod,0
5207,5207,obliter theevilol closest structur hypo centr complet obliter,1
754,754,blew hate peopl tweet receipt know wrongbut wont take bc blew liter gtfo desper,0
547,547,battl star war power jedi collect battl droid hasbro full read ebay,1
6798,6798,tragedi itss selenaluna like beauti ass tragedi lol,1
4596,4596,injuri rori mcilroy test ankl injuri weekend practic chinadotcom sport,0
155,155,airplan accid usama bin ladin famili dead airplan crash natur accid,1
3879,3879,flatten feel like flatten sumo wrestler pain gain muaytai wantmyabsback strong,0
5679,5679,rescu month old babi girl rescu coastguard float half mile sea socialnew,1
2507,2507,desol weekend stockholm sweden aug copperfield,1
3946,3946,flood rock spring  ,1
1021,1021,bodi bag child shoulder bag pvc shoulder book bag cartoon cross bodi bag girl,0
4494,4494,hurrican hurrican guillermo live noaa track loop wed aug th,1
3824,3824,first respond still room parti first respond around countri rd annual best ever,0
6486,6486,sunk footbal back weekend sunk,0
5479,5479,quarantin reddit quarantin offens content reddit co founder ceo steve huffman unveil specif,0
6740,6740,thunderstorm usnwsgov sever weather statement issu august pm edt nw sever thunderstorm warn,1
5255,5255,oil spill watch video wendel berri speak bp oil spill gulf mexico it ,1
2110,2110,death arianagrand screamqueen katherin death,0
5055,5055,natur disast natur disast get angri,0
6522,6522,surviv surviv,0
5076,5076,natur disast save sew guatemala save sew guatemala natur disast hit seamstress elvia,1
5707,5707,rescuer video pick bodi water rescuer search hundr migrant mediterran,1
2291,2291,demolish far right racist avigdorliberman call destruct susiya previous also call behead,1
6000,6000,scream saku uchiha ya boi luke scream get face full saku genit,0
4095,4095,hail weathernetwork come hail,1
4896,4896,massacr bloodbath tv favourit youtub channel go right love everyth guy thank introduc dude bro parti massacr,0
7028,7028,typhoon obama declar disast typhoon devast saipan obama sign disast declar northern marian,1
5692,5692,rescu rescu med migrant arriv sicili hundr migrant rescued ,1
1156,1156,bomb japan thursday mark th anniversari atom bomb hiroshima senior offici washington ever schedule ,1
3066,3066,electrocut adann kindli follow back,0
4549,4549,injur offer delux toilet safeti support health home bathroom support elderli injur s ,1
6164,6164,siren cop serious turn siren get traffic turn right back like wtf,0
2090,2090,death hate talk otp grandma mean love death talk damn much ssshhheeesshh,0
5132,5132,nuclear reactor also mistaken sit right next nuclear reactor smart cataclysm event reator melt,1
3390,3390,evacu new evacu order home danger hwi fire near roosevelt wash koin news,1
928,928,blown mention blown wtf,0
3176,3176,emerg plan good tip famili emerg plan,0
1639,1639,collaps hour parad like peopl collaps oneheartonemindonecss,1
5262,5262,oil spill refugio oil spill may costlier bigger project losangelestim latim news,1
3903,3903,flatten twilightfairi flatten frog,0
6283,6283,storm readi storm,1
4189,4189,hazard di maria left dear mufc back hazard di maria argument say hazard way better idc,0
3108,3108,electrocut youth electrocut khulna via sharethi,1
4884,4884,massacr animallog lotg smooth blue bird moth caught let go chalk mous massacr subtl disney diss,0
4099,4099,hail unr continu sever thunderstorm warn wind mph hail lt weston wy custer fall river pennington sd till p ,1
4096,4096,hail flow come atcha boston golfbal size hail yesterday sunni amaz sky today parkchat,0
4434,4434,hostag relat news isi video threaten hostag europ cnn,1
3128,3128,electrocut elsa gon na end get electrocut gon na end like cat christma vacat,0
4116,4116,hailstorm sever weather rare hailstorm pummel boston,1
4850,4850,mass murder gunsens answer gfz break law minuscul chanc mass murder show,1
6559,6559,surviv rt thr rt thrarchiv leo mgm lion surviv plane crash tbt,1
4472,4472,hostag holmgren refer day hostag situat lou hostag,1
5216,5216,obliter god order obliter ancient canaanit via worldnetdaili,0
2866,2866,drought tip find custom ego drought dqsvyusi,0
6774,6774,tornado tornado make playoff guy homer alreadi ad tulowitzki price,0
6002,6002,scream light recent event would like say scream five year,0
6264,6264,storm prepar properti storm,1
1067,1067,bomb aaronthefm guy scare show real name anyway know bomb,0
2136,2136,death death year foodborn ill frackfreelanc dear deccgovuk frackfre eu tarleton sophi,1
39,39,ablaz ablaz lord,0
4044,4044,forest fire littl concern number forest fire live,1
1019,1019,bodi bag micom summer contrast candi color bowknot cross bodi tote shoulder bag womengirl micom zip po,0
1812,1812,crash maj muzzamil pilot offr mi crash near mansehra today,1
3578,3578,fatal year old boy charg manslaught toddler report year old boy charg manslaught fatal sh,1
1424,1424,casualti irishspi think alli suck million casualti,1
6230,6230,snowstorm manuel hope earli buffalo snowstorm accuraci improv,1
7508,7508,wreckag mh victim famili furiou media told wreckag confirm first,1
6643,6643,terrorist pakistan disown kasab disown nave state denial nave terrorist captur aliv an ,1
6946,6946,tsunami freefromwolv godslov thanku brother danni rt new video come apocalypt us earthquak tsunami,0
4464,4464,hostag render assist gain proxi hostag fortun ssu,0
7022,7022,typhoon break news global precipit measur satellit captur imag typhoon soudelor nasahurrican,1
1201,1201,build burn minimehh cjoyner must overlook burn build blacklivesmatt,1
6456,6456,suicid bomb without bomb would hara kiri know commit suicid hiroshima year ago,1
1706,1706,collid thu make femalegilgamesh assault useless spear collid dark forc howev penetr due dark,0
764,764,blew queen gambit went well anakin blew droid control ship oh well still fun stop next wbc,0
972,972,bodi bag loui vuitton monogram sophi limit edit clutch cross bodi bag full read ebay,0
6487,6487,sunk one direct take break next album heart sunk hurt upset deserv break heart hurt,0
3829,3829,first respond york co first respond compet save live  ,0
2611,2611,destroy black eye space battl occur star involv fleet total ship destroy,0
1004,1004,bodi bag wwe k mycar ep tyron bodi bag dude via youtub,0
2292,2292,demolish could demolish right,0
7351,7351,wildfir wildfir bruh ladi mulan,0
5770,5770,riot sweetpea run riot allot brighten raini day,1
57,57,ablaz set heart ablaz everi citi gift everi skylin like kiss upon lip  ,0
1302,1302,burn minut fat burn routin that ,0
3394,3394,evacu evacu drill work fire door open got smash emerg releas glass feelingmanli,0
7147,7147,volcano architect behind kany west ,0
4266,4266,heat wave readi heat wave want sun come back enjoy break cooler temp,1
1740,1740,collis zojadelin liter almost head collis us today pilot knob,1
5382,5382,panic panic awesom thank,0
649,649,blaze love live blaze insid apt balconi,1
2489,2489,desol daniel time daili sacrific shall taken away abomin maketh desol set,0
3984,3984,flood slip slide away flash flood info writer w toni nester sonoranrattl writingtip,1
3341,3341,evacu passeng evacu lane block power line come gold coast tram newsgoldcoast,1
6447,6447,suicid bomb haji hunter middleeastey mayb muzzi spontan combust like allah suicid bomb payback,1
3086,3086,electrocut lightseraph piss could pikachu electrocut \\\,0
7540,7540,wreckag wreckag conclus confirm mh malaysia pm investig famili,1
4867,4867,mass murder neanderrebel take suit surpris hear face belong anoth democrat mass murder,1
7292,7292,whirlwind past week absolut whirlwind athen bound,1
5876,5876,sandstorm watch airport get swallow sandstorm minut,1
1465,1465,catastroph uriminzok come catastroph destruct puppet republ half naemolgo continu firmli support yiraneuni,0
723,723,bleed coreyash look broken bleed,0
6440,6440,suicid bomb malik saadth best polic offic produc kpdi suicid bomb jan brother kppolic,1
565,565,battl utahcanari sigh daili battl,0
3012,3012,dust storm answer friend yell wind latest articl read share thank,0
3774,3774,fire smell bon fire drive make wan na sit near one make more,1
2688,2688,deton deton quot esteem belt quot regard one recent esevu,0
426,426,arsonist hif trick think nasti thing,0
5066,5066,natur disast natur unavoid consequ social everywher tri,1
5741,5741,riot meat love feminist world riot grill arriv pop quiz prefer fem art,0
4763,4763,lightn dri thunderstorm lightn possibl pinpoint valley forecast,1
3665,3665,fatal like youtub video vgbootcamp x sn vabeng zss vs sw fatal captain falcon,0
3626,3626,fatal seattl deadliest red light runner intersect reveal,1
3796,3796,fire truck found cool photo mine dodg wayn bodi window bu ex libbi mt fire depart truck ori ,1
4775,4775,lightn check amaz footag lightn film lift chicago,0
4592,4592,injuri diego costa need stop get injuri urg,0
6146,6146,siren cours weyrey gidi caus di maria lol,0
2913,2913,drown think one second drown memori babi worth whiskey,0
7308,7308,wild fire wild fire freak fuck like hell,1
6601,6601,terror polit democracy ,1
5371,5371,panic laugh talk junk everyon panic mode,0
2815,2815,disast youssefyamani add fez weather equat best recip disast,0
4507,4507,hurrican cape coral citi leader take part mock hurrican train,1
6877,6877,traumatis deep road tho hahahaha im traumatis deep road lolol,0
7310,7310,wild fire europ natur kind us tornado hurrican wild fire earthquak flash flood mega snow drought,1
2525,2525,desol nikostar lake ohio thought abject desol subway restaur,0
4671,4671,inund potenti storm surg flood map nation hurrican center,1
3911,3911,flood fizzi sit regular flood seat one know,0
1725,1725,collid newswatch vehicl collid lock lansdown st ptbo emerg crew way,1
7564,7564,wreck ohhmyjoshh stevenrul gon na think get shit wreck first day school,0
6506,6506,surviv much shit happen today wtf idk surviv thruuu,1
907,907,bloodi eh hello cover bloodi thigh bloodi cleav  ,0
986,986,bodi bag ohmyloz rondarousey bag bodi smoke hot,0
308,308,armageddon best movi ever seen armageddon,0
4071,4071,hail great michigan techniqu campb g thank bmurph hail youtsey termn r goblu wrestleon,1
398,398,arson relaxinpr miprv rt latim arson suspect link fire caught northern california,1
4275,4275,heat wave heat wave got ta today,1
4412,4412,hijack hot funtenna hijack comput send data sound wave black hat prebreak best,0
7218,7218,weapon agre especi automat weapon legitim reason need one argu heidia,1
7108,7108,violent storm vicki desert storm unqualifi victori treati sign clinton situat got wors violent tcot,1
2036,2036,danger morehous appear govt lost ethic moral relev mean whole usa popul danger,0
3342,3342,evacu alert sandi hook elementari school evacu  ,1
1711,1711,collid eau clair man polic said drunk suv collid train sentenc chippewa counti,1
3827,3827,first respond help say denver firefight work curb first respond suicid,1
4369,4369,hijack remov linkuri browser hijack,0
2532,2532,desol emot desol effect alcohol addict famili forgiv hard,0
5029,5029,mudslid rt rabidmonkey ah uniqu mudslid cake gbbo,0
1637,1637,collaps roof collaps bowl alley mani commun rememb go year kezi,1
6323,6323,stretcher daretotaha nah think get stretcher foreskin u think,0
4372,4372,hijack governor allow parol california school bu hijack fresno link local network,0
5155,5155,obliter souda leav ladi sonia alon shall obliter kneelbot,0
5487,5487,quarantin reddit quarantin offens content reddit co founder ceo steve huffman unveil specif,0
5413,5413,panick scare scream panick redeem romanticsuspens,0
7348,7348,wildfir latest home raze northern california wildfir lancasteronlin lancast,1
3647,3647,fatal among main factor behind pedestrian fatal peopl fail yield car,1
1690,1690,collid world collid american famili take britain isl man new tlc show suddenli royal via peopl,0
5919,5919,scream scream got microchip needl tbh would cri needl massiv ya haram,0
7195,7195,weapon abcnew nuclear bomb terribl weapon,1
2150,2150,death gregorysand usdot stat high auto death appli children vehicl guess run lightrail better adult,0
6816,6816,trap hollywood movi trap miner releas chile hollywood movi trap miner star,0
6430,6430,suicid bomb sonofbobbob shimmyfab trickxi usual agre whole chop head throw gay rooftop suicid bomb start,1
6138,6138,siren nowplay song siren john frusciant,0
1834,1834,crash armi sourc say person board includ team doctor die helicopt crash near mansehra weather seem caus crash,1
3629,3629,fatal injuri ill fatal latest number,1
7166,7166,war zone mama still thuggin world war zone homi inmat em dead wrong,0
4600,4600,injuri nepd loyko texan hope wrong radio houston starter foster injuri,0
3688,3688,fatal fatal,1
5980,5980,scream like littl boy better sit ass stop scream mother stop pull hair cri like year old grow tf,0
2797,2797,disast tv vitali churkin briliantli expos hypocrisi ukrain fm klimkin mh disast,1
7249,7249,weapon glosblu idea mean look violent crime rate without weapon ban gun becom like mexico australia,0
4545,4545,injur injur barcelona full back alba super cup,0
366,366,armi da one mtvsummerstar videoveranomtv mtvhottest britney spear lana del rey,0
3864,3864,flame pardon burst flame enough world peopl mindless game,0
5943,5943,scream scream toddyrockstar,1
7462,7462,wound nicolacl i ,0
1921,1921,curfew bobbyxfish gave curfew,0
3382,3382,evacu batfanuk enjoy show today great fun emerg non evacu interest great run,0
7433,7433,wound wocowa offic wound suspect kill exchang gunfir ush,1
3270,3270,engulf feel engulf low self imag take quiz,0
3357,3357,evacu rocki fire northern california swell acr evacu portland phoenix miami atlanta casper,1
468,468,attack polic assail latest us movi theatr attack homeless psycholog issu,1
6830,6830,trap dramaa llama otherwis stay trap worst lilourri stan ever without zarri left narri thank,0
7120,7120,violent storm storm batter top half north island violent overnight storm batter upper north island uprootin,1
7004,7004,twister elianaraquel like gg bad end least care littl gg dan caus twister know wilden idc,0
2547,2547,destroy ginga think defeat l drago destroy,0
6462,6462,sunk peep frontin jeep ,0
7041,7041,typhoon obama declar disast typhoon devast saipan obama sign disast declar northern marian typhoon hit us territori,1
3494,3494,explos new explos proof temper glass screen protector film blackberri z full read by ,0
2837,2837,displac myanmar displac rohingya sittw point return prison like condit genocid ihhen msf refuge,1
156,156,airplan accid pilot die plane crash car festiv via youtub crash aircraft airplan pilot death accid carfest,1
5486,5486,quarantin yet anoth compani tri censor internet reddit start quarantin content cc,0
7380,7380,windstorm preciou oliv tree lost battl anoth crazi windstorm yyc weathernetwork,1
648,648,blaze welcom djryanwolf djcoreygrand djknyce djoneplustwo officialcoredj famili cleveland standup iamtonyn,0
3318,3318,evacu meetkakarotto bother offlin manag evacu everyon includ hinata go ahead caus,1
4961,4961,meltdown nprfreshair realli believ skip republican meltdown mean debat,0
1445,1445,casualti best special report metric correl best properti casualti marketwatch,0
4606,4606,injuri greg garza atla tonight vs leon negro copa mx play left previou game w injuri usmnt,0
7270,7270,whirlwind move england five year ago today whirlwind time,1
3892,3892,flatten pick flatten hay men masonit wahpeton nd,0
1290,1290,burn thomasvissman keithyyl keithyy gettin burn outta block social media,0
1187,1187,bridg collaps ash australia collaps trent bridg twitter react,1
6668,6668,threat dmassa definit tripl crown threat harper,1
7213,7213,weapon lollook tough peopl talk live gang infest citi americayour mouth weapony fuck wimp,1
4309,4309,hellfir prophet peac upon said save hellfir even give half date chariti,0
3094,3094,electrocut foxnew still beard visit prison keep hideou beard electrocut uglypeopl,1
1013,1013,bodi bag im ad go tell bodi bag,0
6160,6160,siren soonermag mean fan need girl sound like damn siren,1
826,826,blizzard tomorrow announc vod,0
7254,7254,weapon memori victim hiroshima nagasaki never ban nuclear weapon,1
4157,4157,harm lauren miller harm,0
6409,6409,suicid bomber suicid bomber hit saudi mosqu,1
759,759,blew rick morti blew,0
5332,5332,pandemonium pandemonium use fav cd get,1
2749,2749,devast year atom bomb japan still struggl war past anniversari devast wrought b,1
2765,2765,devast countri latin america next argentina one week ago report econom devast,0
5460,5460,polic option fix facebook cover violat keep facebook polic away socialmedia strategi,0
3185,3185,emerg plan cool tip friend counterstrik secur sound,0
3165,3165,emerg chowtaxi newport big thank emerg run pick jacki bristol templ messag much appreci,1
2618,2618,destruct fall back first break homebuy miscalcul could destruct thousand mwjcdk,0
4504,4504,hurrican hurrican sick,1
4790,4790,loud bang nearli heart attack loud bang window next me ,1
992,992,bodi bag broseidonrex dapurplesharpi skim twitter miss bodi bag,0
3101,3101,electrocut christi keep tell need electrocut,0
1466,1466,catastroph failur misfortunebut regret catastroph,0
6870,6870,trauma mustachemurs dateswhitecoat truth pull appar crazi adult trauma mock,0
5028,5028,mudslid dorett that name mudslid cake maker,0
940,940,blown vanessa game offici blown ladi gentlemen real show begin bb,0
276,276,apocalyps apocalyps pleas,0
2697,2697,deton new smp ignit knock deton sensor ks,0
768,768,blew blew mention,0
3149,3149,emerg sf asian women shelter crisi line emerg shelter support servic non english speak asian women children,1
4187,4187,hazard road hazard cascad rd sw childress dr sw,0
4922,4922,mayhem mayhem beauti,0
3373,3373,evacu ifak individu first aid kit treat singl trauma victim think creat efak evacu first aid kit,1
5915,5915,scream someon gon na get scream get lyric wrong lmao,0
983,983,bodi bag new ladi shoulder tote handbag faux leather hobo purs cross bodi bag women full read ,0
2309,2309,demolish stiiilo still got video u demolish,0
2808,2808,disast four technolog could let human surviv environment disast,0
553,553,battl baaaack petersen bowhunt battl bow make sure head cast vote,0
5168,5168,obliter dc love pleas obliter power girl,0
1161,1161,bridg collaps ameenshaikh ur logic bridg didnt collaps second train engin cross bridg sanjaynirupam sureshprabhu,1
4469,4469,hostag texansdc kylekrenek zepp frobeu ns never thought could much fun save shoot teddi bear hostag lol,0
2399,2399,derail may caus metro train derail downtown c,1
4357,4357,hijack remov linkuri browser hijack,1
6725,6725,thunderstorm rt livingsaf nw post sever thunderstorm warn part ar nc ok seek strong shelter risk,1
7169,7169,war zone kasiakosek drive suck case know desk look like war zone everyon goe need mode,0
758,758,blew max blew tf shot fire catfishmtv,0
2799,2799,disast top insur blast lack australian govt action disast mitig via smh,1
2615,2615,destruct danhrothschild greed fuel self destruct takecar,0
1043,1043,bodi bag lab today readi bodi bag,0
552,552,battl inde fulli awar battl support fight,1
979,979,bodi bag genuin leather man bag messeng fit ipad mini tablet case cross bodi air jp full rea ,0
1574,1574,cliff fall alexjacobsonpf andr gore fall cliff elit side ball,0
7513,7513,wreckag kuala lumpur reuter piec wing wash indian ocean island beach last week part wreckag malaysian,1
6879,6879,traumatis go easi paul poor woman traumatis cake gbbo,0
2281,2281,demolish yea gon na demolish boundari seem unconsci set neg thought,0
2369,2369,derail modelbubbl gm pray attack enemi derail ur destini block lord flood ur life w heavenli bless,0
3837,3837,first respond lender fee veteran first respond past present linkedin,0
6028,6028,seismic sismo detectado jap ,1
4724,4724,lava lava cake fav,0
5812,5812,rubbl go nuclear arm race go make rubbl bounc winston churchil,0
2651,2651,deton spinningbot anoth stand user deton killer queen,0
38,38,ablaz barbado bridgetown jamaica  ,1
139,139,airplan accid expert franc begin examin airplan debri found reunion island french air accid expert wedn,1
1046,1046,bodi bag irand member congress want deal kid would b come home bodi bag war make money,0
4737,4737,lava youngheroesid lava blast power red pantherattack,0
4087,4087,hail seen fahlo wcw hail queen ,0
2814,2814,disast teen disast prepared event van nuy august pm via vannuyscouncil,0
2467,2467,derail kill injur madhya pradesh twin train derail,1
3988,3988,flood pmharper worri sure climat noth hail flood tornado alberta ontario sure god mad,1
3857,3857,flame watch go flame,1
4267,4267,heat wave kinda cool tonight heat wave final amdollela la kulli aal,1
6472,6472,sunk blaaaaaaa said sunk face stomach make vibrat resolutevan,0
704,704,blaze srajapaks thank missi thought suit blaze hot summertim yee haw,0
1497,1497,catastroph learn legaci catastroph erupt,1
5133,5133,nuclear reactor willi justthebottl would cri nuclear reactor cool tank winechat,0
5383,5383,panic montetjwitt met audreyp teena darryl brook elitesportsni lopezandthelion panic natsnat concern sure,0
5059,5059,natur disast expert prepper financi collaps natur disast fail grid,1
5120,5120,nuclear reactor salem nuclear reactor shut electr circuit failur pump salem nuclear reactor bee,1
6054,6054,sinkhol azimel scream mad scientist deceas tumbl heel fall sinkhol investig,0
2268,2268,delug come back gt gt fli ant day capit delug annual swarm wing insect,1
5417,5417,panick feel like panick idk get result back week alarmingli calm,0
1472,1472,catastroph boy mix ultim prepared librari prepar catastroph,1
3628,3628,fatal unsuckdcmetro minor train leav rail major smithsonian interlock derail crash barrier wall w fatal,1
5179,5179,obliter macbreck know mean mean go twitter obliter chanc ever win anoth elect pre bad math,0
5706,5706,rescuer video pick bodi water rescuer search hundr migrant africa news,1
6370,6370,suicid bomb whao pic yr old pkk suicid bomber deton bomb turkey armi trench releas,1
5026,5026,mudslid sophiewisey mudslid,1
5336,5336,pandemonium hey take look review pandemonium requiem lauren oliv enjoy,0
541,541,avalanch avalanch one world away make believ wide awak,0
3181,3181,emerg plan nh england announc new plan meet emerg care target,0
2254,2254,delug thesewphist whoever hold address fuckfac wineisdumb com go delug spam meant,0
6883,6883,traumatis pyramidhead one good thing came watch film traumatis watch show start halt catch fire amazon,1
4723,4723,lava may gotten littl exit home made lava lamp,0
3510,3510,eyewit wpri eyewit news rhode island set modern vote equip wpri eyewitness ,0
6608,6608,terror appli muslim terror catholic homophobia,0
1519,1519,catastroph learn legaci catastroph erupt new yorker,1
6572,6572,survivor haunt memori drawn survivor,1
4645,4645,inund let peopl surf hi waimea bay like beach ever inund surfer,0
3219,3219,emerg servic want work missionhil ca view latest open nurs job job hire,0
3850,3850,flame gilderoy wish good enough add flame nail im fire,1
3461,3461,explod explod brought thebegin univers match smention verseth heaven earth thu univers,0
2408,2408,derail crocodil tear wash upset gravi train derail kidscompani,1
4107,4107,hailstorm haley whaley hailstorm hey secret trick get gem clash ofclan check profil,0
7060,7060,upheav seri final thegam surviv much upheav audienc got much good stori,0
4890,4890,massacr bad day,0
7543,7543,wreckag wreckag conclus confirm mh malaysia pm investig famili,1
4877,4877,massacr afk dr johanfranzen isi orch abil massacr civilian far frontlin like tyrant,1
1971,1971,cyclon mercuri cyclon gt hood mould nice core cobra jet cj gt,0
2962,2962,drown famili mourn drown superhero toddler rare epilepsi bradley diebold suffer hundr epileptic ,0
5225,5225,obliter back would never said would end ja like obliter,0
7190,7190,weapon weapon x music hey guy thank rock world follow,0
2066,2066,dead happen get road right behind buse dead seriou,0
6555,6555,surviv today life could chang forev chronicil avoid survivedjoin mylifestori gt gt gt,0
1489,1489,catastroph masochisticmag catastroph caus peopl get reckless bottom line least three friend,0
5291,5291,outbreak famili sue legionnair famili affect fatal outbreak legionnair disea,1
1910,1910,crush rememb nora jone crush two week notic,0
4043,4043,forest fire california fire rage forest servic sound alarm sharpli rise wildfir cost,1
476,476,attack blazerfan everyon see ignorancesh latinoand ever benoth morebut attack dog hate group gop,0
4004,4004,flood hope rain throughout whole weekend hope flood portaloo becom sentient,0
4972,4972,meltdown read awesom book yet two trillion dollar meltdown,0
1083,1083,bomb swellyjetevo disneyland taco bomb,1
6857,6857,trauma author interview michel rosenth author life trauma,0
2591,2591,destroy black eye space battl occur star involv fleet total ship destroy,0
4344,4344,hijack latest post bayelsa poll tension bayelsa patienc jonathan plan hijack apc pdp,0
4378,4378,hijack governor weigh parol california school bu hijack,1
6954,6954,tsunami earthquak tsunami occur japan free speech also swallow,1
7611,7611, polic investig e bike collid car littl portug e bike rider suffer seriou non life threaten injuri,1
1807,1807,crash akilah world news cop pull man car avoid,1
3980,3980,flood monsoon flood kill dozen myanmar prompt call help,1
7219,7219,weapon thing rule break becom easier next time,0
6866,6866,trauma esteem journalist recal tragic effect unaddress childhood trauma keithboykin randallpinkston pozarmi,1
1092,1092,bomb e hutch da bomb,0
2330,2330,demolish three home demolish unrecogn arab villag intern middl east media center,1
3867,3867,flame bloodi ell let burn rubybot,0
3819,3819,first respond ad sandi first respond lost home vip home page group vimeo,1
5926,5926,scream cortezera dead ass scream sign fuck believ,0
4009,4009,flood etp bengal flood cm mamata banerje blame dvc bjp claim state fail use relief fund even flood w,1
1459,1459,casualti small casualti way colorado,1
7357,7357,wildfir california wildfir destroy home crew advanc,1
5410,5410,panick ushiocom may panick littl fast submit form usual,0
1651,1651,collaps portabl closet collaps x final broke mom said mayb u get rid cloth lol,0
5995,5995,scream still echo scream,0
2934,2934,drown jacksonvil famili band togeth memori plan toddler florida ,0
2005,2005,damag trillion cross line rd time field wide attack instant kill damag,1
3636,3636,fatal dwilliam rt ieansquad don ,0
3240,3240,engulf came land engulf tribal war turn land peac e madinah prophetmuhammad islam,0
4998,4998,militari listen live author interview beth underwood graviti militari mom talkradio,0
5433,5433,polic polic kill hatchet wield gunman open fire insid nashvil movi theater a ,1
6343,6343,structur failur investig said virgin galact spaceship crash caus structur failur co pilot,1
6998,6998,twister briannafrost twister bill paxton helen hunt,0
5,5,ablaz rockyfir updat california hwi close direct due lake counti fire cafir wildfir,1
1342,1342,burn build hero fight war save ppl burn build etc sorri u got ta pay sex chang call u hero,0
752,752,blew still team usagi even blew entir solar system airhead misstep,0
3380,3380,evacu updat gnwt issu voluntari evacu order cabin owner pickerel lake near reid,1
3186,3186,emerg plan b c cost less sick peopl use emerg room grrrr,1
7302,7302,wild fire foxdebatequest degre obama effort institut sharia law exacerb california wild fire,1
838,838,blizzard first time play hearthston pc thought,0
943,943,blown kalinandmyl kalinwhit ig blown hacker need stop givebackkalinwhiteaccount,0
4929,4929,mayhem retweet follow rt followback gain follow ganseyman rt mention ty,0
1361,1361,burn build kshllcenterpri progress ohio burn build mean like burnt black church,1
2995,2995,dust storm totoooooo totoooooooooo historicalmag dust storm approach stratford texa th april,1
1247,1247,build fire fire hazard associ instal non compliant extern clad high rise build insur aust,0
2486,2486,desol atl san fran flight goe desol squar state real twitter,0
1770,1770,collis solano sr skagg island rd trfc collis enrt,1
3785,3785,fire truck former township fire truck use philippin township langley assist fire chief pat walker spen,1
3271,3271,engulf tube strike live latest travel updat london engulf chao lt genuin baffl telegraph headlin,1
685,685,blaze danryckert drewscanlon blaze game best stealth skill yet noth beat silenc,0
4221,4221,hazard foodscar offer go nestleindia slip loss magginoodl ban unsaf hazard humanconsumpt,1
6934,6934,troubl kerrykatona hello wud u kindli consid follow bak pleas never troubl lol mani thank,0
2759,2759,devast year atom bomb japan still struggl war past anniversari devast wrought b,1
7331,7331,wildfir hearth burn like wildfir bee knee,1
533,533,avalanch drive avalanch car week like drive tank,1
3560,3560,famin grade black hors famin mega score,0
2887,2887,drown potu drown water enter lung aliv caus great countri fall shit pussi,0
6158,6158,siren la siren thank join foot vvorm,0
6979,6979,twister want twister ticket chanc vip experi see shania click,0
6965,6965,tsunami tsunami esh esh pleas okay,0
4639,4639,inund laoi girl advertis new friend replac love bff inund,0
